{"(3, -4, 1, 1, 1, 1, 9)": [0, 0, -0.49742311239633996, 0, 0], "(3, -3, 1, 1, 1, 1, 9)": [0, -0.49742311239633996, 0, 0, 0], "(3, 3, 1, 0, 1, 1, 1)": [0, 0, -0.49998671930055616, 0, 0], "(4, 3, 1, 0, 1, 1, 1)": [0, 0, -0.49742311239633996, 0, 0], "(0, 21, 1, 0, 1, 1, 1)": [0, -0.49742311239633996, 0, 0, -0.18843229723615906], "(-1, 21, 1, 0, 0, 1, 1)": [0, 0, 0, 0, 3.511370105277905], "(6, 15, 1, 0, 0, 1, 1)": [0, 0, -0.49742311239633996, 0, 0], "(7, 15, 1, 0, 0, 0, 1)": [0, 0, -0.49742311239633996, 0, 0], "(2, 18, 1, 3, 0, 9, 1)": [0, 0, 0, 0, -0.49742311239633996], "(1, 18, 1, 1, 0, 1, 0)": [0, 0, 0, 0, -0.49742311239633996], "(-7, 23, 1, 2, 1, 1, 0)": [0, 938.6994053036175, 0, 0, 0], "(-7, 24, 2, 2, 1, 2, 0)": [0, 995.3436479050765, 0, 0, 0], "(5, 3, 1, 0, 1, 1, 1)": [0, 0, -0.49742311239633996, 0, 0], "(4, 7, 1, 1, 1, 1, 1)": [0, 0, 0, 0, -0.49742311239633996], "(4, 8, 1, 1, 1, 1, 9)": [0, -0.49742311239633996, 0, 0, 0], "(0, 1, 1, 9, 1, 1, 1)": [0, 125.30589430250502, 0, 0, 0], "(0, 9, 1, 1, 9, 1, 9)": [0, 442.1941742019071, 0, 0, 0], "(0, 10, 1, 9, 1, 1, 9)": [0, 512.1545138315254, 0, 0, 0], "(-7, 20, 1, 1, 1, 1, 0)": [0, 0, 0, 0, 530.3814374377224], "(-7, 21, 1, 1, 1, 0, 0)": [0, 699.955684198898, 0, 0, 0], "(-1, 1, 1, 1, 1, 1, 1)": [0, 0, 0, 0, -0.49998671930055616], "(0, 20, 1, 1, 1, 3, 0)": [0, -0.49742311239633996, 0, 0, 0], "(1, 19, 1, 3, 1, 3, 1)": [0, -0.49742311239633996, 0, 0, 0], "(0, 19, 1, 1, 0, 1, 0)": [0, 0, 0, 0, -0.49742311239633996], "(2, 14, 1, 9, 9, 9, 9)": [0, 690.32142556625, 0, 0, 0], "(1, 16, 1, 0, 9, 9, 0)": [0, 424.59618422727556, 0, 0, 0], "(1, 21, 1, 0, 3, 3, 1)": [0, 0, -0.49742311239633996, 0, 0], "(-1, 7, 1, 9, 1, 9, 1)": [0, 1.744757276239298, 18.990942634886483, 0, 0], "(-2, 7, 1, 1, 0, 1, 1)": [0, 0, 0, 0, 6.698168488876223], "(-4, 21, 1, 0, 1, 1, 0)": [0, 0, 0, 0, 63.7511172471727], "(-4, 20, 1, 1, 1, 1, 1)": [0, 0, 0, 126.98999253979747, 0], "(-1, 5, 1, 1, 1, 9, 1)": [0, 1.5312263499120804, 0, 0, 0], "(-1, 6, 1, 1, 1, 9, 0)": [0, 6.682803857666293, 0, 0, 0], "(3, 4, 0, 1, 1, 0, 1)": [0, -496.92568928394354, 0, 0, 0], "(-2, 6, 0, 1, 1, 1, 0)": [0, -496.92568928394354, 0, 0, 0], "(4, -2, 1, 1, 1, 0, 1)": [0, -0.49742311239633996, 0, 0, 0], "(5, -2, 0, 1, 1, 0, 1)": [0, 0, -496.92568928394354, 0, 0], "(4, -3, 1, 1, 1, 1, 1)": [0, 0, -0.49742311239633996, 0, 0], "(-7, 22, 1, 1, 1, 0, 0)": [0, 842.6365278803238, 0, 0, 0], "(2, 3, 1, 1, 9, 1, 9)": [0, -0.49998671930055616, 0, 0, 0], "(1, 1, 1, 9, 1, 1, 1)": [0, 0, -0.49998671930055616, 0, 0], "(-2, 11, 1, 1, 1, 9, 1)": [0, 0, 0, 0, 42.07548716870603], "(7, 16, 0, 1, 1, 0, 0)": [0, -496.92568928394354, 0, 0, 0], "(-1, 3, 1, 1, 1, 9, 1)": [0, -0.49742311239633996, -0.9948462247926799, 0, 0], "(-2, 3, 1, 1, 3, 1, 3)": [0, 0, 0, 0, -0.49742311239633996], "(3, 15, 1, 9, 9, 9, 9)": [0, 830.9879682509759, 0, 0, 0], "(3, 23, 1, 2, 9, 1, 9)": [0, 924.7259701383254, 0, 0, 0], "(6, 3, 1, 1, 1, 1, 1)": [0, 0, -0.49742311239633996, 0, 0], "(6, 4, 1, 1, 1, 1, 0)": [0, -0.49742311239633996, 0, 0, 0], "(-2, 12, 1, 1, 1, 0, 0)": [0, 80.36755744873795, 0, 0, 0], "(-2, 13, 1, 1, 1, 0, 0)": [0, 139.84316706109374, 0, 0, 0], "(-3, 21, 1, 0, 1, 1, 1)": [0, 0, 0, 0, 29.644612882923088], "(7, 4, 1, 1, 1, 0, 1)": [0, 0, -0.49742311239633996, 0, 0], "(-1, 2, 1, 1, 1, 9, 3)": [0, -0.49998671930055616, 0, 0, 0], "(-2, 2, 3, 1, 1, 1, 3)": [0, 0, 0, 0, -0.49742311239633996], "(0, -1, 1, 1, 1, 1, 1)": [0, 0, 0, -0.49742311239633996, 0], "(0, -2, 1, 1, 1, 9, 1)": [0, 0, 0, -0.49742311239633996, 0], "(3, 24, 2, 2, 1, 2, 2)": [0, 995.3436479050765, 0, 0, 0], "(-5, 20, 1, 0, 1, 1, 1)": [0, 0, 0, 0, 225.82687990578077], "(-6, 20, 1, 0, 1, 1, 1)": [0, 0, 0, 0, 366.6269299595375], "(-2, 21, 1, 0, 1, 1, 1)": [0, 0, 0, 0, 11.30976408860021], "(0, -3, 1, 1, 1, 9, 1)": [0, 0, 0, -0.49742311239633996, 0], "(0, -4, 1, 1, 9, 9, 1)": [0, 0, 0, -0.49742311239633996, 0], "(5, 6, 1, 1, 1, 1, 1)": [0, 0, 0, 0, -0.49742311239633996], "(5, 7, 1, 1, 1, 1, 1)": [0, -0.49742311239633996, 0, 0, 0], "(-1, 14, 1, 0, 0, 1, 1)": [0, 0, 299.15731376106066, 0, 0], "(0, 14, 1, 0, 0, 9, 1)": [0, 0, 376.86488599951673, 0, 0], "(4, 23, 1, 2, 0, 0, 1)": [0, 0, 938.310387184456, 0, 0], "(5, 15, 1, 0, 0, 1, 9)": [0, 0, -0.49742311239633996, 0, 0], "(7, 5, 1, 1, 1, 0, 1)": [0, -0.49742311239633996, 0, 0, 0], "(6, 5, 1, 1, 1, 1, 1)": [0, 0, 0, 0, -0.49742311239633996], "(-1, 4, 1, 1, 1, 9, 1)": [0, -0.22243306504418225, 0, 0, 0], "(-2, 14, 1, 0, 1, 1, 0)": [0, 215.88828831934075, 0, 0, 0], "(6, 6, 1, 1, 1, 1, 1)": [0, -0.49742311239633996, 0, 0, 0], "(4, 24, 2, 2, 1, 2, 2)": [0, 995.3436479050765, 0, 0, 0]}