{"(0, 9, 1, 1, 0, 1, 1)": [0, 0, 0, 0, 12.235604698745437], "(0, 10, 1, 1, 1, 1, 1)": [0, 31.16799837506172, 0, 0, 0], "(-1, 0, 1, 1, 1, 1, 1)": [0, 0, 0, 0, 57.344995754427565], "(-1, 1, 1, 9, 1, 1, 1)": [0, 116.68049478564322, 0, 0, 0], "(0, 11, 1, 1, 1, 9, 1)": [0, 69.25988139032977, 0, 0, 0], "(0, 12, 1, 1, 1, 9, 1)": [0, 132.69136561366605, 0, 0, 0], "(1, 18, 1, 1, 1, 9, 0)": [0, 872.6375967744189, 0, 0, 837.7554073189127], "(1, 19, 1, 1, 1, 0, 0)": [0, 910.8643511284859, 0, 0, 0], "(1, 16, 1, 1, 1, 9, 1)": [0, 749.1963518275621, 0, 0, 0], "(1, 17, 1, 1, 1, 9, 0)": [0, 796.5050279294202, 0, 0, 0], "(1, 21, 1, 0, 1, 9, 1)": [0, 907.5972548796241, 961.9104313337209, 0, 0], "(0, 21, 1, 1, 1, 1, 0)": [0, 0, 0, 897.9439016299164, 637.2803459849521], "(3, 17, 1, 9, 1, 1, 9)": [0, 0, 772.9054356433419, 0, 0], "(4, 18, 1, 1, 1, 1, 9)": [0, 0, 889.6625275808535, 0, 0], "(1, 15, 1, 1, 1, 9, 3)": [0, 698.9888820931559, 0, 0, 0], "(2, 24, 2, 2, 9, 2, 2)": [0, 1000.4998630400758, 0, 0, 0], "(1, 14, 1, 1, 9, 9, 1)": [0, 622.3160772457666, 546.3938340668154, 0, 0], "(-1, 22, 1, 0, 0, 1, 0)": [0, 0, 0, 0, 636.1347776996315], "(0, 22, 1, 0, 1, 0, 1)": [0, 465.72179301920636, 788.1622544696924, 0, 0], "(2, 3, 1, 0, 1, 1, 1)": [0, 690.4502847745879, 0, 0, 689.1056278947754], "(1, 3, 1, 9, 1, 1, 9)": [0, 328.27833689019235, 813.9779921214101, 0, 369.69340919109106], "(2, 5, 1, 1, 0, 1, 9)": [0, 0, 426.82401307752053, 0, 0], "(2, 6, 1, 9, 1, 1, 9)": [0, 453.4199862652924, 0, 0, 0], "(1, 20, 1, 1, 1, 9, 1)": [0, 942.4000893083825, 0, 0, 0], "(2, 0, 1, 1, 1, 1, 1)": [0, 0, 14.46370195629905, 0, 0], "(3, 0, 1, 1, 1, 1, 1)": [0, 0, 33.90493601109491, 0, 0], "(3, 24, 2, 2, 9, 2, 2)": [0, 1000.4734253204133, 0, 0, 0], "(2, 12, 1, 9, 9, 1, 9)": [0, 899.3879599906918, 0, 0, 0], "(1, 1, 1, 1, 1, 1, 1)": [0, 521.9586676555357, 0, 0, 0], "(1, 2, 1, 1, 1, 1, 1)": [0, 604.584706952626, 0, 0, 0], "(1, 0, 1, 1, 1, 1, 1)": [0, 0, 306.3447169630147, 0, 0], "(2, 2, 1, 1, 1, 0, 1)": [0, 0, 538.2813853737885, 0, 0], "(0, 2, 1, 9, 1, 1, 9)": [0, 252.30357835640697, 0, 0, 0], "(1, 8, 0, 1, 9, 9, 0)": [0, -496.92568928394354, 0, 0, 0], "(4, 2, 1, 1, 1, 3, 0)": [0, 240.144731367098, 0, 0, 0], "(4, 3, 1, 0, 1, 1, 1)": [0, 381.6332874448249, 0, 0, 0], "(1, 9, 1, 1, 0, 9, 1)": [0, 0, 0, 0, 315.30602829192503], "(1, 10, 1, 9, 1, 9, 1)": [0, 533.917425834942, 0, 0, 0], "(0, 14, 1, 3, 1, 1, 3)": [0, 347.73315981559165, 0, 0, 0], "(0, 13, 1, 1, 1, 9, 1)": [0, 228.7700939525903, 226.54745311277665, 68.11132051203963, 0], "(0, 1, 1, 1, 1, 1, 1)": [0, 238.21452523184885, 0, 0, 0], "(0, 5, 0, 0, 9, 9, 0)": [0, -496.92568928394354, 0, 0, 0], "(4, 1, 1, 1, 1, 1, 1)": [0, 139.2470126919693, 0, 0, 0], "(-1, 13, 1, 3, 1, 1, 1)": [0, 0, 0, 0, 134.0622265876997], "(4, 0, 1, 1, 1, 1, 1)": [0, 0, 73.72176156056766, 0, 0], "(3, 3, 1, 0, 0, 1, 1)": [0, 0, 0, 0, 541.1867542080911], "(4, 19, 1, 0, 1, 0, 9)": [0, 960.1009094406022, 0, 0, 0], "(-1, 4, 1, 0, 9, 9, 3)": [0, 199.12835047052874, 0, 0, 0]}