{"(0, 1, 1, 1, 1, 1, 1)": [0, 220.1758570547045, 0, 0, 0], "(0, 2, 1, 1, 1, 9, 9)": [0, 255.99616528087154, 0, 0, 0], "(2, 18, 1, 1, 1, 1, 9)": [0, 814.1299158591972, 0, 0, 0], "(2, 19, 1, 1, 1, 1, 9)": [0, 865.678368610937, 0, 0, 0], "(2, 17, 1, 1, 1, 1, 9)": [0, 745.9113135491195, 0, 0, 0], "(5, 8, 3, 1, 3, 1, 3)": [0, 0, -0.49742311239633996, 0, 0], "(7, 8, 0, 1, 1, 0, 1)": [0, 0, -496.92568928394354, 0, 0], "(1, 12, 1, 1, 1, 9, 1)": [0, 908.1444682081572, 0, 0, 0], "(1, 13, 1, 1, 1, 9, 1)": [0, 939.652893985436, 0, 0, 0], "(0, 15, 1, 9, 1, 9, 9)": [0, 789.5829846988332, 0, 0, 0], "(0, 20, 1, 0, 9, 9, 9)": [0, 898.4108958320819, 0, 0, 0], "(1, 7, 1, 3, 9, 9, 3)": [0, 414.4435270836117, 0, 0, 0], "(1, 9, 1, 1, 3, 9, 3)": [0, 0, 0, 0, 365.76325810146386], "(1, 14, 1, 9, 1, 9, 1)": [0, 969.9073873133565, 0, 0, 0], "(1, 24, 2, 2, 9, 2, 2)": [0, 1000.4998630400758, 0, 0, 0], "(1, 1, 1, 9, 1, 1, 1)": [0, 293.22194489204486, 311.41830056450823, 0, 0], "(2, 20, 1, 3, 1, 3, 9)": [0, 905.2984104589387, 0, 0, 0], "(0, 4, 0, 0, 1, 9, 1)": [0, -496.92568928394354, 0, 0, 0], "(0, 10, 1, 1, 3, 1, 1)": [0, 0, 0, 0, 97.55913915811834], "(0, 11, 1, 1, 1, 1, 0)": [0, 181.6818959299801, 0, 0, 0], "(1, 11, 1, 1, 1, 9, 1)": [0, 833.119045651215, 0, 0, 0], "(2, 16, 1, 1, 9, 1, 9)": [0, 661.8158651405085, 0, 0, 0], "(2, 22, 1, 1, 3, 3, 9)": [0, 0, 938.7244452812145, 0, 0], "(2, 23, 1, 2, 1, 1, 9)": [0, 969.6839837092492, 0, 0, 0], "(0, 3, 1, 0, 1, 9, 1)": [0, 286.75911050652616, 0, 0, 0], "(1, 0, 1, 1, 1, 1, 1)": [0, 0, 211.45958183523948, 0, 0], "(0, 22, 1, 0, 0, 9, 9)": [0, 0, 962.5057823034213, 0, 0], "(2, 24, 2, 2, 1, 2, 2)": [0, 1000.4734253204133, 0, 0, 0], "(2, 5, 1, 9, 1, 0, 9)": [0, 0, 471.10708955142616, 0, 0], "(1, 10, 1, 1, 1, 9, 1)": [0, 407.628211562875, 0, 0, 0], "(0, 13, 1, 1, 1, 1, 1)": [0, 463.2426992343225, 0, 0, 0], "(0, 14, 1, 1, 1, 1, 9)": [0, 637.7174240488816, 0, 0, 0], "(1, 8, 3, 1, 1, 9, 3)": [0, 433.74528566594284, 0, 0, 0], "(0, 12, 1, 1, 1, 1, 1)": [0, 302.32222311168175, 0, 0, 0]}